title,duration,duration_min,release_year,type
Avvai Shanmughi,161 min,161.0,1996,Movie
Jeans,166 min,166.0,1998,Movie
My Heroes Were Cowboys,23 min,23.0,2021,Movie
A StoryBots Space Adventure,13 min,13.0,2021,Movie
King of Boys,182 min,182.0,2018,Movie
Little Singham - Black Shadow,48 min,48.0,2021,Movie
Once Upon a Time in America,229 min,229.0,1984,Movie
Kyaa Kool Hai Hum,165 min,165.0,2005,Movie
Magnolia,189 min,189.0,1999,Movie
Django Unchained,165 min,165.0,2012,Movie
Bridgerton - The Afterparty,39 min,39.0,2021,Movie
Lee Su-geun: The Sense Coach,46 min,46.0,2021,Movie
Awon Boyz,38 min,38.0,2019,Movie
Audible,39 min,39.0,2021,Movie
Jagame Thandhiram,159 min,159.0,2021,Movie
Aziza,13 min,13.0,2019,Movie
Besieged Bread,12 min,12.0,2015,Movie
Headspace: Unwind Your Mind,273 min,273.0,2021,Movie
Bling Empire - The Afterparty,36 min,36.0,2021,Movie
Cobra Kai - The Afterparty,34 min,34.0,2021,Movie
To All the Boys: Always and Forever - The Afterparty,36 min,36.0,2021,Movie
Trese After Dark,36 min,36.0,2021,Movie
Alan Saldaña: Locked Up,49 min,49.0,2021,Movie
Seven Souls in the Skull Castle: Season Moon Jogen,204 min,204.0,2017,Movie
Seven Souls in the Skull Castle: Season Moon Kagen,212 min,212.0,2017,Movie
Super Monsters: Once Upon a Rhyme,25 min,25.0,2021,Movie
Creating an Army of the Dead,29 min,29.0,2021,Movie
Little Singham Future mein Satakli,47 min,47.0,2021,Movie
The Upshaws - The Afterparty,32 min,32.0,2021,Movie
The Circle - The Afterparty,35 min,35.0,2021,Movie
Shadow and Bone - The Afterparty,33 min,33.0,2021,Movie
One Like It,15 min,15.0,2020,Movie
Lagaan,224 min,224.0,2001,Movie
Taare Zameen Par,162 min,162.0,2007,Movie
Dad Stop Embarrassing Me - The Afterparty,37 min,37.0,2021,Movie
Two Distant Strangers,32 min,32.0,2021,Movie
2012,158 min,158.0,2009,Movie
3 Idiots,164 min,164.0,2009,Movie
My Fair Lady,173 min,173.0,1964,Movie
Seven Souls in the Skull Castle: Season Bird,182 min,182.0,2017,Movie
Seven Souls in the Skull Castle: Season Flower,181 min,181.0,2017,Movie
Seven Souls in the Skull Castle: Season Wind,185 min,185.0,2017,Movie
Marked,21 min,21.0,2021,Movie
The Present,24 min,24.0,2020,Movie
Banyuki,182 min,182.0,2009,Movie
Connected,42 min,42.0,2021,Movie
Dances with Wolves,181 min,181.0,1990,Movie
LEGO Marvel Spider-Man: Vexed by Venom,22 min,22.0,2019,Movie
Seven Souls in the Skull Castle 2011,177 min,177.0,2011,Movie
Ginny & Georgia - The Afterparty,35 min,35.0,2021,Movie
Fate: The Winx Saga - The Afterparty,36 min,36.0,2021,Movie
Awara Paagal Deewana,162 min,162.0,2002,Movie
What Would Sophia Loren Do?,32 min,32.0,2021,Movie
Apaharan,161 min,161.0,2005,Movie
Creating The Queen's Gambit,14 min,14.0,2021,Movie
Cops and Robbers,8 min,8.0,2020,Movie
The Magic School Bus Rides Again In the Zone,46 min,46.0,2020,Movie
Shaun the Sheep: The Farmer’s Llamas,28 min,28.0,2020,Movie
Ma Rainey's Black Bottom: A Legacy Brought to Screen,32 min,32.0,2020,Movie
A Trash Truck Christmas,28 min,28.0,2020,Movie
Canvas,9 min,9.0,2020,Movie
Super Monsters: Santa’s Super Monster Helpers,24 min,24.0,2020,Movie
Mighty Express: A Mighty Christmas,26 min,26.0,2020,Movie
Captain Underpants Mega Blissmas,46 min,46.0,2020,Movie
Chico Bon Bon and the Very Berry Holiday,25 min,25.0,2020,Movie
Angela's Christmas Wish,48 min,48.0,2020,Movie
Spookley and the Christmas Kittens,45 min,45.0,2019,Movie
A Go! Go! Cory Carson Christmas,22 min,22.0,2020,Movie
Andhaghaaram,171 min,171.0,2020,Movie
Andhakaaram,171 min,171.0,2020,Movie
Dragons: Rescue Riders: Huttsgalor Holiday,46 min,46.0,2020,Movie
Alien Xmas,42 min,42.0,2020,Movie
If Anything Happens I Love You,13 min,13.0,2020,Movie
Black Friday,162 min,162.0,2004,Movie
Ya no estoy aquí: Una conversación entre Guillermo del Toro y Alfonso Cuarón,15 min,15.0,2020,Movie
Elf Pets: A Fox Cub’s Christmas Tale,28 min,28.0,2020,Movie
Elf Pets: Santa’s Reindeer Rescue,27 min,27.0,2020,Movie
The Magic School Bus Rides Again The Frizz Connection,46 min,46.0,2020,Movie
Rooting for Roona,42 min,42.0,2020,Movie
Octonauts & the Great Barrier Reef,47 min,47.0,2020,Movie
Dil,165 min,165.0,1990,Movie
Super Monsters: Dia de los Monsters,25 min,25.0,2020,Movie
StarBeam: Halloween Hero,33 min,33.0,2020,Movie
"Best Wishes, Warmest Regards: A Schitt's Creek Farewell",44 min,44.0,2020,Movie
A Go! Go! Cory Carson Halloween,22 min,22.0,2020,Movie
Baxu and the Giants,29 min,29.0,2019,Movie
Poacher,28 min,28.0,2018,Movie
The Boys in the Band: Something Personal,28 min,28.0,2020,Movie
Mann,173 min,173.0,1999,Movie
Zulu Man in Japan,44 min,44.0,2019,Movie
A Love Song for Latasha,20 min,20.0,2020,Movie
True: Friendship Day,24 min,24.0,2020,Movie
Making The Witcher,33 min,33.0,2020,Movie
John Was Trying to Contact Aliens,17 min,17.0,2020,Movie
Les Misérables,158 min,158.0,2012,Movie
What's Your Raashee?,203 min,203.0,2009,Movie
"Rob Schneider: Asian Momma, Mexican Kids",44 min,44.0,2020,Movie
The Magic School Bus Rides Again Kids In Space,46 min,46.0,2020,Movie
A Go! Go! Cory Carson Summer Camp,21 min,21.0,2020,Movie
Super Monsters: The New Class,25 min,25.0,2020,Movie
Sugar High,44 min,44.0,2020,Movie
The Speed Cubers,41 min,41.0,2020,Movie
Dragons: Rescue Riders: Secrets of the Songwing,46 min,46.0,2020,Movie
The Letter Reader,30 min,30.0,2019,Movie
The Claudia Kishi Club,17 min,17.0,2020,Movie
Drishyam,162 min,162.0,2015,Movie
Players,162 min,162.0,2012,Movie
Prem Ratan Dhan Payo,164 min,164.0,2015,Movie
Vivah,166 min,166.0,2006,Movie
El límite infinito,48 min,48.0,2020,Movie
Saladin,194 min,194.0,1963,Movie
True: Rainbow Rescue,24 min,24.0,2020,Movie
Bye Bye London,177 min,177.0,1981,Movie
Fifty Year Old Teenager,204 min,204.0,1996,Movie
Lock Your Girls In,233 min,233.0,1982,Movie
No Longer kids,237 min,237.0,1979,Movie
Raya and Sakina,230 min,230.0,1984,Movie
Sayed the Servant,173 min,173.0,1985,Movie
The Married Couples,195 min,195.0,1981,Movie
The School of Mischief,253 min,253.0,1973,Movie
Unbreakable Kimmy Schmidt: Kimmy vs. the Reverend,190 min,190.0,2020,Movie
Andaz Apna Apna,160 min,160.0,1994,Movie
Go! Go! Cory Carson: The Chrissy,42 min,42.0,2020,Movie
Thomas & Friends: Marvelous Machinery: A New Arrival,23 min,23.0,2020,Movie
Thomas & Friends: Marvelous Machinery: World of Tomorrow,23 min,23.0,2020,Movie
Thomas & Friends: Thomas and the Royal Engine,23 min,23.0,2020,Movie
No Direction Home: Bob Dylan,208 min,208.0,2005,Movie
This Earth of Mankind,180 min,180.0,2019,Movie
Sol Levante,5 min,5.0,2020,Movie
Agneepath,174 min,174.0,1990,Movie
Duniya,170 min,170.0,1984,Movie
Duplicate,165 min,165.0,1998,Movie
Friendship,161 min,161.0,1980,Movie
Kabhi Alvida Naa Kehna,192 min,192.0,2006,Movie
Kabhi Khushi Kabhie Gham,209 min,209.0,2001,Movie
Kal Ho Naa Ho,187 min,187.0,2003,Movie
Kuch Kuch Hota Hai,185 min,185.0,1998,Movie
Muqaddar ka Faisla,172 min,172.0,1987,Movie
Kannum Kannum Kollaiyadithaal,160 min,160.0,2020,Movie
Dragons: Rescue Riders: Hunt for the Golden Dragon,46 min,46.0,2020,Movie
True: Wuzzle Wegg Day,24 min,24.0,2020,Movie
Making Unorthodox,21 min,21.0,2020,Movie
Digs & Discoveries: All Track's Lead to Rome,23 min,23.0,2019,Movie
Digs & Discoveries: Mines of Mystery,23 min,23.0,2019,Movie
Steam Team to the Rescue,23 min,23.0,2019,Movie
Sitara: Let Girls Dream,16 min,16.0,2020,Movie
Angu Vaikuntapurathu (Malayalam),162 min,162.0,2020,Movie
Aurora,186 min,186.0,2010,Movie
Calico Critters: Everyone's Big Dream Flying in the Sky,11 min,11.0,2019,Movie
There Will Be Blood,158 min,158.0,2007,Movie
Ala Vaikunthapurramuloo,162 min,162.0,2020,Movie
Fanatyk,33 min,33.0,2017,Movie
Panipat - The Great Betrayal,171 min,171.0,2019,Movie
Hum Aapke Hain Koun,193 min,193.0,1994,Movie
Together For Eternity,176 min,176.0,1999,Movie
WHAT DID JACK DO?,17 min,17.0,2020,Movie
After the Raid,25 min,25.0,2019,Movie
Dil Chahta Hai,185 min,185.0,2001,Movie
Dil Dhadakne Do,174 min,174.0,2015,Movie
Don,169 min,169.0,2006,Movie
Lakshya,185 min,185.0,2004,Movie
A Family Reunion Christmas,29 min,29.0,2019,Movie
Saaho,172 min,172.0,2019,Movie
Spirit Riding Free: Spirit of Christmas,46 min,46.0,2019,Movie
The Irishman: In Conversation,24 min,24.0,2019,Movie
The Irishman,209 min,209.0,2019,Movie
Super Monsters Save Christmas,24 min,24.0,2019,Movie
True: Winter Wishes,46 min,46.0,2019,Movie
"Lorena, Light-Footed Woman",28 min,28.0,2019,Movie
The Garden of Words,46 min,46.0,2013,Movie
100 Things to do Before High School,44 min,44.0,2014,Movie
The Massively Mixed-Up Middle School Mystery,40 min,40.0,2015,Movie
Fire in Paradise,40 min,40.0,2019,Movie
The House of Flowers Presents: The Funeral,36 min,36.0,2019,Movie
True: Grabbleapple Harvest,24 min,24.0,2019,Movie
The Road to El Camino: Behind the Scenes of El Camino: A Breaking Bad Movie,14 min,14.0,2019,Movie
A 3 Minute Hug,28 min,28.0,2019,Movie
Little Miss Sumo,20 min,20.0,2018,Movie
ChuChuTV Bedtime Stories & Moral Stories for Kids (English),47 min,47.0,2019,Movie
ChuChuTV Surprise Eggs Learning Videos (Hindi),34 min,34.0,2019,Movie
Ghosts of Sugar Land,22 min,22.0,2019,Movie
The Spooky Tale of Captain Underpants Hack-a-ween,46 min,46.0,2019,Movie
Super Monsters: Vida's First Halloween,24 min,24.0,2019,Movie
Cultivating the Seas: History and Future of the Full-Cycle Cultured Kindai Tuna,45 min,45.0,2019,Movie
Sturgill Simpson Presents Sound & Fury,42 min,42.0,2019,Movie
Birders,38 min,38.0,2019,Movie
True: Tricky Treat Day,24 min,24.0,2019,Movie
Kabir Singh,171 min,171.0,2019,Movie
American Factory: A Conversation with the Obamas,10 min,10.0,2019,Movie
Spookley the Square Pumpkin,47 min,47.0,2004,Movie
Super Monsters Back to School,24 min,24.0,2019,Movie
Rocko's Modern Life: Static Cling,46 min,46.0,2019,Movie
Manu,177 min,177.0,2018,Movie
Bogda,161 min,161.0,2018,Movie
"Frankenstein’s Monster’s Monster, Frankenstein",32 min,32.0,2019,Movie
Cristina,40 min,40.0,2016,Movie
Super Deluxe,176 min,176.0,2019,Movie
ANIMA,15 min,15.0,2019,Movie
Life Overtakes Me,40 min,40.0,2019,Movie
Cosmos Laundromat: First Cycle,12 min,12.0,2015,Movie
Silent,3 min,3.0,2014,Movie
After Maria,38 min,38.0,2019,Movie
The Lonely Island Presents: The Unauthorized Bash Brothers Experience,30 min,30.0,2019,Movie
A Tale of Two Kitchens,30 min,30.0,2019,Movie
All In My Family,40 min,40.0,2019,Movie
ReMastered: Devil at the Crossroads,49 min,49.0,2019,Movie
A Fortunate Man,168 min,168.0,2018,Movie
Petta (Telugu Version),170 min,170.0,2019,Movie
Petta,170 min,170.0,2019,Movie
Sarkar,162 min,162.0,2018,Movie
Kevin James: Sweat the Small Stuff,42 min,42.0,2001,Movie
Period. End of Sentence.,26 min,26.0,2018,Movie
Lego DC Comics: Batman Be-Leaguered,22 min,22.0,2014,Movie
LEGO Marvel Super Heroes: Black Panther,22 min,22.0,2018,Movie
LEGO Marvel Super Heroes: Guardians of the Galaxy,22 min,22.0,2017,Movie
True: Happy Hearts Day,24 min,24.0,2019,Movie
Whitney Cummings: Money Shot,48 min,48.0,2010,Movie
Bill Hicks: One Night Stand,28 min,28.0,1991,Movie
Bill Hicks: Reflections,34 min,34.0,2015,Movie
Sam Kinison: Family Entertainment Hour,49 min,49.0,1991,Movie
Sam Kinison: The Scream Continues,29 min,29.0,2016,Movie
Tim Allen: Men Are Pigs,30 min,30.0,1990,Movie
Tim Allen: ReWires America,30 min,30.0,1991,Movie
Todd Glass: Stand-Up Special,46 min,46.0,2012,Movie
Black Mirror: Bandersnatch,312 min,312.0,2018,Movie
Aggretsuko: We Wish You a Metal Christmas,22 min,22.0,2018,Movie
Prince of Peoria: A Christmas Moose Miracle,29 min,29.0,2018,Movie
Dragons: Dawn of the Dragon Racers,27 min,27.0,2014,Movie
"Out of Many, One",35 min,35.0,2018,Movie
Super Monsters and the Wish Star,28 min,28.0,2018,Movie
Oddbods: The Festive Menace,23 min,23.0,2018,Movie
Angela's Christmas,30 min,30.0,2018,Movie
My Little Pony Friendship Is Magic: Best Gift Ever,44 min,44.0,2018,Movie
Chup Chup Ke,158 min,158.0,2006,Movie
Katt Williams: The Pimp Chronicles: Pt. 1,45 min,45.0,2006,Movie
Oddbods: Party Monsters,23 min,23.0,2018,Movie
Sanju,159 min,159.0,2018,Movie
Super Monsters Save Halloween,25 min,25.0,2018,Movie
Jodhaa Akbar,214 min,214.0,2008,Movie
My Little Pony Equestria Girls: Forgotten Friendship,44 min,44.0,2018,Movie
My Little Pony Equestria Girls: Rollercoaster of Friendship,44 min,44.0,2018,Movie
Lessons from a School Shooting: Notes from Dunblane,24 min,24.0,2018,Movie
One Last Shot,31 min,31.0,1998,Movie
Mersal,162 min,162.0,2017,Movie
Party Monster: Scratching the Surface,33 min,33.0,2018,Movie
Zion,12 min,12.0,2018,Movie
Fashion,158 min,158.0,2008,Movie
Fiza,163 min,163.0,2000,Movie
Mohenjo Daro,168 min,168.0,2016,Movie
Raajneeti,162 min,162.0,2010,Movie
Rang De Basanti,159 min,159.0,2006,Movie
Chalte Chalte,166 min,166.0,2003,Movie
Aiyaary,158 min,158.0,2018,Movie
End Game,40 min,40.0,2018,Movie
Pocoyo & Cars,19 min,19.0,2015,Movie
Pocoyo & The Space Circus,25 min,25.0,2008,Movie
Pocoyo Carnival,22 min,22.0,2015,Movie
Pocoyo Halloween: Space Halloween,40 min,40.0,2015,Movie
Pocoyo Halloween: Spooky Movies,22 min,22.0,2014,Movie
Pocoyo Special Sports,24 min,24.0,2016,Movie
"Ram Dass, Going Home",32 min,32.0,2018,Movie
Main Hoon Na,171 min,171.0,2004,Movie
Om Shanti Om,169 min,169.0,2007,Movie
Phir Bhi Dil Hai Hindustani,159 min,159.0,2000,Movie
Ladies First,40 min,40.0,2018,Movie
Dil Se,166 min,166.0,1998,Movie
Swades,185 min,185.0,2004,Movie
Trailer Park Boys: Say Goodnight to the Bad Guys,47 min,47.0,2008,Movie
Trailer Park Boys: Xmas Special,46 min,46.0,2004,Movie
Yuva,160 min,160.0,2004,Movie
The Trader (Sovdagari),24 min,24.0,2018,Movie
Sebastián Marcelo Wainraich,49 min,49.0,2018,Movie
Jaal,162 min,162.0,1986,Movie
Shikari,163 min,163.0,1991,Movie
Trolls Holiday Special,27 min,27.0,2017,Movie
A StoryBots Christmas,26 min,26.0,2017,Movie
DreamWorks Home: For the Holidays,46 min,46.0,2017,Movie
The Hateful Eight,168 min,168.0,2015,Movie
Singapore,158 min,158.0,1960,Movie
Ghost Patrol,47 min,47.0,2016,Movie
Long Shot,40 min,40.0,2017,Movie
Heroin(e),40 min,40.0,2017,Movie
Manoranjan,162 min,162.0,1974,Movie
Mujrim,163 min,163.0,1989,Movie
Resurface,28 min,28.0,2017,Movie
Sohni Mahiwal,160 min,160.0,1984,Movie
Baahubali 2: The Conclusion (Hindi Version),165 min,165.0,2017,Movie
Baahubali 2: The Conclusion (Malayalam Version),166 min,166.0,2017,Movie
Baahubali 2: The Conclusion (Tamil Version),166 min,166.0,2017,Movie
Baahubali: The Beginning (Hindi Version),159 min,159.0,2015,Movie
Baahubali: The Beginning (Malayalam Version),160 min,160.0,2015,Movie
Baahubali: The Beginning (Tamil Version),159 min,159.0,2015,Movie
LEGO Marvel Super Heroes: Avengers Reassembled!,22 min,22.0,2015,Movie
Buddy Thunderstruck: The Maybe Pile,14 min,14.0,2017,Movie
Professor,163 min,163.0,1962,Movie
Dangal,161 min,161.0,2016,Movie
Puss in Book: Trapped in an Epic Tale,24 min,24.0,2017,Movie
The Russian Revolution,47 min,47.0,2017,Movie
Amelia: A Tale of Two Sisters,44 min,44.0,2017,Movie
How to Stage a Coup,47 min,47.0,2017,Movie
Jackie: A Tale of Two Sisters,44 min,44.0,2017,Movie
Michael Lost and Found,19 min,19.0,2017,Movie
Qila,161 min,161.0,1998,Movie
The Mitfords: A Tale of Two Sisters,44 min,44.0,2017,Movie
Chamatkar,164 min,164.0,1992,Movie
English Babu Desi Mem,163 min,163.0,1996,Movie
JFK: The Making of a President,44 min,44.0,2017,Movie
Asoka,168 min,168.0,2001,Movie
One 2 Ka 4,160 min,160.0,2001,Movie
Happy New Year,179 min,179.0,2014,Movie
LEGO: Marvel Super Heroes: Maximum Overload,22 min,22.0,2013,Movie
A Christmas Special: Miraculous: Tales of Ladybug & Cat Noir,22 min,22.0,2016,Movie
Ricardo O'Farrill: Abrazo navideño,31 min,31.0,2016,Movie
Mariah Carey's Merriest Christmas,38 min,38.0,2015,Movie
Across Grace Alley,24 min,24.0,2013,Movie
Santa Pac's Merry Berry Day,44 min,44.0,2016,Movie
LEGO Jurassic World: The Indominus Escape,25 min,25.0,2016,Movie
Pac's Scary Halloween,44 min,44.0,2016,Movie
The White Helmets,41 min,41.0,2016,Movie
Extremis,25 min,25.0,2016,Movie
Real Crime: Supermarket Heist (Tesco Bomber),46 min,46.0,2010,Movie
Interview with a Serial Killer,45 min,45.0,2008,Movie
Real Crime: Diamond Geezers,46 min,46.0,2008,Movie
Kung Fu Panda: Secrets of the Scroll,23 min,23.0,2016,Movie
Marco Polo: One Hundred Eyes,29 min,29.0,2015,Movie
Virunga: Gorillas in Peril,29 min,29.0,2015,Movie
BoJack Horseman Christmas Special: Sabrina's Christmas Wish,26 min,26.0,2014,Movie
From One Second to the Next,35 min,35.0,2013,Movie
Splatter,29 min,29.0,2009,Movie
13TH: A Conversation with Oprah Winfrey & Ava DuVernay,37 min,37.0,2017,Movie
A Bridge Too Far,176 min,176.0,1977,Movie
A Russell Peters Christmas,44 min,44.0,2011,Movie
Aarakshan,164 min,164.0,2011,Movie
Abominable Christmas,44 min,44.0,2012,Movie
Alpha and Omega 2: A Howl-iday Adventure,45 min,45.0,2013,Movie
Alpha and Omega: The Legend of the Saw Tooth Cave,45 min,45.0,2014,Movie
Amar Akbar Anthony,172 min,172.0,1977,Movie
American Honey,163 min,163.0,2016,Movie
Auschwitz: Blueprints of Genocide,49 min,49.0,1994,Movie
Barsaat,166 min,166.0,1995,Movie
Benji's Very Own Christmas Story,25 min,25.0,1978,Movie
Blue Is the Warmest Color,180 min,180.0,2013,Movie
Bob's Broken Sleigh,47 min,47.0,2015,Movie
Bobby,168 min,168.0,1973,Movie
Calico Critters: A Town of Dreams,11 min,11.0,2017,Movie
Calico Critters: The Treasure of Calico Village,22 min,22.0,2017,Movie
Cloud Atlas,172 min,172.0,2012,Movie
Cop Watchers,45 min,45.0,2016,Movie
Dear Dracula,43 min,43.0,2012,Movie
Dil Hai Tumhaara,176 min,176.0,2002,Movie
Doctor Zhivago,200 min,200.0,1965,Movie
Dream Big: Engineering Our World,42 min,42.0,2017,Movie
Dum,162 min,162.0,2003,Movie
Elephants Dream 4 Hour,196 min,196.0,2006,Movie
Elles ont toutes une histoire,49 min,49.0,2016,Movie
Famous in Ahmedabad,29 min,29.0,2015,Movie
Fiddler on the Roof,181 min,181.0,1971,Movie
Figaro Pho,29 min,29.0,2008,Movie
Fishpeople,49 min,49.0,2017,Movie
Frozen Planet: On Thin Ice,47 min,47.0,2011,Movie
Gangs of New York,167 min,167.0,2002,Movie
Ghayal,163 min,163.0,1990,Movie
Ghulam-E-Musthafa,161 min,161.0,1997,Movie
Golden Time,22 min,22.0,2013,Movie
Hamara Dil Aapke Paas Hai,158 min,158.0,2000,Movie
Hitler's Olympics,44 min,44.0,2016,Movie
Ho Mann Jahaan,170 min,170.0,2015,Movie
Hum Saath-Saath Hain,176 min,176.0,1999,Movie
Jaan-E-Mann: Let's Fall in Love... Again,163 min,163.0,2006,Movie
Jake's Buccaneer Blast,22 min,22.0,2014,Movie
Jis Desh Men Ganga Behti Hai,181 min,181.0,1960,Movie
Kaalia,173 min,173.0,1981,Movie
Kalki,41 min,41.0,2017,Movie
Khalnayak,170 min,170.0,1993,Movie
Kung Fu Panda: Holiday,26 min,26.0,2010,Movie
Kyun! Ho Gaya Na,165 min,165.0,2004,Movie
LeapFrog: Letter Factory,37 min,37.0,2003,Movie
LeapFrog: Numberland,33 min,33.0,2011,Movie
LeapFrog: Phonics Farm,35 min,35.0,2011,Movie
"LeapFrog: Sing-along, Read-along",32 min,32.0,2011,Movie
LEGO House - Home of the Brick,48 min,48.0,2018,Movie
LEGO Ninjago: Masters of Spinjitzu: Day of the Departed,44 min,44.0,2016,Movie
Little Lunch: The Halloween Horror Story,23 min,23.0,2016,Movie
Little Lunch: The Nightmare Before Graduation,25 min,25.0,2016,Movie
Love Ni Bhavai,163 min,163.0,2017,Movie
Maine Pyar Kiya,192 min,192.0,1989,Movie
Mark Gatiss: A Study in Sherlock,29 min,29.0,2016,Movie
Meet the Trumps: From Immigrant to President,48 min,48.0,2017,Movie
Monster High: Escape from Skull Shores,46 min,46.0,2012,Movie
Monster High: Friday Night Frights,46 min,46.0,2013,Movie
Monster High: Fright On!,46 min,46.0,2011,Movie
Monster High: New Ghoul at School,23 min,23.0,2010,Movie
Monster High: Why Do Ghouls Fall in Love?,46 min,46.0,2013,Movie
Mujhse Shaadi Karogi,158 min,158.0,2004,Movie
Mutiny on the Bounty,185 min,185.0,1962,Movie
Namak Halaal,171 min,171.0,1982,Movie
National Parks Adventure,42 min,42.0,2016,Movie
Natsamrat - Asa Nat Hone Nahi,165 min,165.0,2016,Movie
No Entry,161 min,161.0,2005,Movie
Once Upon a Time in the West,166 min,166.0,1968,Movie
Palm Trees in the Snow,163 min,163.0,2015,Movie
Pardes,187 min,187.0,1997,Movie
Pee-wee's Playhouse: Christmas Special,48 min,48.0,1988,Movie
"Power Rangers Samurai: Christmas Together, Friends Forever (Christmas Special)",24 min,24.0,2011,Movie
Power Rangers Samurai: Clash of the Red Rangers,46 min,46.0,2011,Movie
Power Rangers Samurai: Party Monsters (Halloween Special),24 min,24.0,2011,Movie
Power Rangers Super Samurai: Stuck on Christmas,24 min,24.0,2012,Movie
Power Rangers Super Samurai: Trickster Treat,23 min,23.0,2012,Movie
Power Rangers: Megaforce: Raising Spirits,24 min,24.0,2013,Movie
Power Rangers: Megaforce: The Robo Knight Before Christmas,24 min,24.0,2013,Movie
Pukar,165 min,165.0,2000,Movie
Punjab 1984,158 min,158.0,2014,Movie
Raja Hindustani,177 min,177.0,1996,Movie
Ram Teri Ganga Maili,178 min,178.0,1985,Movie
Refugee,24 min,24.0,2016,Movie
Roberto Saviano: Writing Under Police Protection,45 min,45.0,2016,Movie
Room on the Broom,26 min,26.0,2012,Movie
Sairat,173 min,173.0,2016,Movie
San Pietro,32 min,32.0,1945,Movie
Sangam,228 min,228.0,1964,Movie
Schindler's List,195 min,195.0,1993,Movie
Shakti: The Power,168 min,168.0,2002,Movie
Shiva,168 min,168.0,1990,Movie
Shopkins: Chef Club,45 min,45.0,2016,Movie
Skydancers,49 min,49.0,2014,Movie
Taal,177 min,177.0,1999,Movie
Tayo the Little Bus Movie: Mission Ace,48 min,48.0,2016,Movie
The Battle of Midway,18 min,18.0,1942,Movie
The First Temptation of Christ,46 min,46.0,2019,Movie
The Girl with the Dragon Tattoo,158 min,158.0,2011,Movie
The Gospel of John,161 min,161.0,2014,Movie
The Gospel of Luke,205 min,205.0,2015,Movie
The Gospel of Matthew,190 min,190.0,2014,Movie
The Great Gambler,161 min,161.0,1979,Movie
The Last Hangover,44 min,44.0,2018,Movie
The Lord of the Rings: The Return of the King,201 min,201.0,2003,Movie
The Lord of the Rings: The Two Towers,179 min,179.0,2002,Movie
"The Memphis Belle: A Story of a
Flying Fortress",40 min,40.0,1944,Movie
The Negro Soldier,40 min,40.0,1944,Movie
The Search for Life in Space,32 min,32.0,2016,Movie
The Sinking Of Van Der Wijck,163 min,163.0,2013,Movie
The Women Who Kill Lions,47 min,47.0,2016,Movie
Thunderbolt,42 min,42.0,1947,Movie
Trimurti,173 min,173.0,1995,Movie
Tukaram,162 min,162.0,2012,Movie
Under an Arctic Sky,40 min,40.0,2017,Movie
"We, the Marines",38 min,38.0,2017,Movie
World's Weirdest Homes,49 min,49.0,2015,Movie
WWII: Report from the Aleutians,45 min,45.0,1943,Movie
Wyatt Earp,191 min,191.0,1994,Movie
Yaadein,171 min,171.0,2001,Movie
Zodiac,158 min,158.0,2007,Movie
